пт сент. 3 2021,"6, frrr frrr frrrr, 20"
EMG,GSR(Om),HR
1460,112129.03225806452
1450,113856.2091503268
1451,107204.96894409938
1453,107204.96894409938
1456,112129.03225806452
1454,109620.25316455697
1450,103373.49397590362
1454,106419.75308641975
1452,112129.03225806452
1454,107204.96894409938
1446,102634.73053892216
1452,108805.03144654087
1458,101904.76190476191
1454,104121.21212121213
1453,99069.76744186046
1457,105644.1717791411
1452,102634.73053892216
1459,97028.57142857143
1454,101904.76190476191
1453,100470.58823529411
1453,96363.63636363637
1457,98381.5028901734
1457,100470.58823529411
1457,98381.5028901734
1456,94413.40782122905
1458,95706.21468926554
1454,99766.08187134503
1456,98381.5028901734
1459,95706.21468926554
1451,93777.77777777778
1452,95056.17977528089
1453,98381.5028901734
1456,93777.77777777778
1451,93149.17127071823
1459,96363.63636363637
1461,96363.63636363637
1455,91304.34782608696
1467,93777.77777777778
1460,96363.63636363637
1463,93149.17127071823
1466,90702.7027027027
1467,90702.7027027027
1468,93149.17127071823
1464,95056.17977528089
1467,93149.17127071823
1465,90107.52688172043
1467,91304.34782608696
1466,93777.77777777778
1470,96363.63636363637
1469,93777.77777777778
1458,90702.7027027027
1471,90702.7027027027
1466,94413.40782122905
1469,97701.14942528735
1471,95706.21468926554
1469,93777.77777777778
1464,91304.34782608696
1470,94413.40782122905
1473,98381.5028901734
1478,94413.40782122905
1473,91912.56830601093
1479,95056.17977528089
1480,99069.76744186046
1481,96363.63636363637
1479,92527.47252747252
1484,94413.40782122905
1482,99069.76744186046
1488,99069.76744186046
1480,93777.77777777778
1483,93777.77777777778
1484,95056.17977528089
1488,99766.08187134503
1487,98381.5028901734
1482,95056.17977528089
1486,93777.77777777778
1487,95056.17977528089
1488,99766.08187134503
1486,98381.5028901734
1487,96363.63636363637
1487,93777.77777777778
1496,99766.08187134503
1492,99766.08187134503
1491,96363.63636363637
1495,93777.77777777778
1497,93777.77777777778
1498,97028.57142857143
1497,100470.58823529411
1502,100470.58823529411
1501,97028.57142857143
1505,93149.17127071823
1500,94413.40782122905
1500,96363.63636363637
1502,100470.58823529411
1503,99766.08187134503
1504,95706.21468926554
1507,93149.17127071823
1502,97028.57142857143
1504,99766.08187134503
1507,99069.76744186046
1503,94413.40782122905
1507,93777.77777777778
1504,97701.14942528735
1503,100470.58823529411
1512,98381.5028901734
1507,93777.77777777778
1510,94413.40782122905
1507,100470.58823529411
1504,101183.43195266272
1507,97701.14942528735
1506,93777.77777777778
1515,94413.40782122905
1509,97701.14942528735
1507,100470.58823529411
1513,97701.14942528735
1513,93777.77777777778
1513,94413.40782122905
1520,98381.5028901734
1517,100470.58823529411
1520,98381.5028901734
1525,95706.21468926554
1519,93149.17127071823
1521,93149.17127071823
1522,95056.17977528089
1525,99069.76744186046
1528,99069.76744186046
1519,97701.14942528735
1526,95056.17977528089
1529,92527.47252747252
1528,94413.40782122905
1525,97028.57142857143
1529,99766.08187134503
1531,99069.76744186046
1527,95706.21468926554
1525,93149.17127071823
1531,97701.14942528735
1526,99069.76744186046
1528,93777.77777777778
1521,93777.77777777778
1528,97028.57142857143
1531,100470.58823529411
1529,97028.57142857143
1533,93149.17127071823
1529,93777.77777777778
1527,97028.57142857143
1527,99766.08187134503
1532,99069.76744186046
1527,96363.63636363637
1531,93149.17127071823
1530,93149.17127071823
1531,95706.21468926554
1532,99069.76744186046
1539,99766.08187134503
1536,96363.63636363637
1532,93149.17127071823
1535,93149.17127071823
1531,94413.40782122905
1536,99069.76744186046
1528,99069.76744186046
1532,95056.17977528089
1536,91912.56830601093
1533,94413.40782122905
1530,97028.57142857143
1527,98381.5028901734
1535,95706.21468926554
1533,92527.47252747252
1532,94413.40782122905
1529,98381.5028901734
1525,99069.76744186046
1531,96363.63636363637
1529,92527.47252747252
1526,93149.17127071823
1533,95706.21468926554
1531,98381.5028901734
1526,98381.5028901734
1529,91912.56830601093
1529,91912.56830601093
1527,93777.77777777778
1539,98381.5028901734
1529,98381.5028901734
1529,95706.21468926554
1530,92527.47252747252
1531,92527.47252747252
1534,93149.17127071823
1538,96363.63636363637
1525,97701.14942528735
1532,95056.17977528089
1528,91304.34782608696
1531,93777.77777777778
1526,97701.14942528735
1526,97701.14942528735
1523,93149.17127071823
1527,91304.34782608696
1520,95056.17977528089
1523,98381.5028901734
1527,97701.14942528735
1524,92527.47252747252
1526,91912.56830601093
1524,93149.17127071823
1522,97028.57142857143
1524,97701.14942528735
1531,96363.63636363637
1518,93777.77777777778
1528,91304.34782608696
1527,91912.56830601093
1526,95056.17977528089
1527,97701.14942528735
1525,97028.57142857143
1529,95056.17977528089
1528,91304.34782608696
1529,91304.34782608696
1523,93777.77777777778
1529,97701.14942528735
1517,95706.21468926554
1530,91304.34782608696
1524,94413.40782122905
1519,98381.5028901734
1517,94413.40782122905
1525,91304.34782608696
1517,91912.56830601093
1520,94413.40782122905
1523,97028.57142857143
1524,96363.63636363637
1520,93777.77777777778
1521,95706.21468926554
1519,97028.57142857143
1519,95056.17977528089
1519,91912.56830601093
1523,90107.52688172043
1520,91912.56830601093
1523,95706.21468926554
1520,96363.63636363637
1522,95056.17977528089
1517,91304.34782608696
1517,90702.7027027027
1516,94413.40782122905
1513,97028.57142857143
1517,94413.40782122905
1509,90107.52688172043
1509,91304.34782608696
1516,93149.17127071823
1511,95706.21468926554
1516,94413.40782122905
1514,89518.71657754011
1516,91304.34782608696
1511,95056.17977528089
1516,96363.63636363637
1520,93777.77777777778
1520,90702.7027027027
1515,90107.52688172043
1512,92527.47252747252
1515,95056.17977528089
1513,96363.63636363637
1516,95056.17977528089
1516,91304.34782608696
1512,90702.7027027027
1515,91912.56830601093
1519,95706.21468926554
1520,94413.40782122905
1519,90702.7027027027
1520,89518.71657754011
1515,91912.56830601093
1516,95706.21468926554
1518,94413.40782122905
1512,93149.17127071823
1514,90107.52688172043
1514,89518.71657754011
1511,93149.17127071823
1507,95056.17977528089
1508,92527.47252747252
1510,88359.78835978836
1516,91304.34782608696
1513,95706.21468926554
1507,92527.47252747252
1515,88936.17021276595
1515,90107.52688172043
1514,92527.47252747252
1511,95056.17977528089
1507,92527.47252747252
1511,90107.52688172043
1504,88936.17021276595
1508,90702.7027027027
1508,90107.52688172043
1512,87789.47368421052
1516,88359.78835978836
1511,91304.34782608696
1512,94413.40782122905
1511,93777.77777777778
1514,91304.34782608696
1510,88936.17021276595
1516,87789.47368421052
1510,90107.52688172043
1517,93149.17127071823
1512,93777.77777777778
1510,90107.52688172043
1507,88359.78835978836
1515,89518.71657754011
1512,92527.47252747252
1511,94413.40782122905
1513,91304.34782608696
1506,88359.78835978836
1507,87789.47368421052
1508,88936.17021276595
1508,91912.56830601093
1513,93777.77777777778
1513,91304.34782608696
1512,88936.17021276595
1508,87225.13089005236
1504,88359.78835978836
1511,90702.7027027027
1512,93149.17127071823
1513,91304.34782608696
1508,87789.47368421052
1507,87789.47368421052
1507,90107.52688172043
1514,93149.17127071823
1516,90702.7027027027
1509,87225.13089005236
1506,87225.13089005236
1507,90702.7027027027
1504,93149.17127071823
1509,91304.34782608696
1507,88359.78835978836
1505,86113.9896373057
1506,88359.78835978836
1509,91304.34782608696
1510,92527.47252747252
1505,90702.7027027027
1508,87789.47368421052
1504,86113.9896373057
1505,87225.13089005236
1495,90107.52688172043
1507,91912.56830601093
1505,90702.7027027027
1499,87225.13089005236
1504,86666.66666666667
1505,87789.47368421052
1508,90702.7027027027
1507,92527.47252747252
1503,90702.7027027027
1500,87225.13089005236
1507,86113.9896373057
1500,87789.47368421052
1501,91912.56830601093
1503,90107.52688172043
1508,87789.47368421052
1502,85567.01030927835
1496,87789.47368421052
1503,91912.56830601093
1501,91304.34782608696
1496,85025.64102564103
1503,87789.47368421052
1504,91304.34782608696
1504,90107.52688172043
1496,88359.78835978836
1499,86666.66666666667
1502,85567.01030927835
1502,86666.66666666667
1500,90107.52688172043
1502,91304.34782608696
1499,89518.71657754011
1503,88359.78835978836
1505,85567.01030927835
1503,86113.9896373057
1503,88359.78835978836
1508,90702.7027027027
1506,91304.34782608696
1507,87789.47368421052
1502,85567.01030927835
1502,86113.9896373057
1501,88936.17021276595
1504,90702.7027027027
1506,88359.78835978836
1502,85025.64102564103
1501,86113.9896373057
1500,88359.78835978836
1502,90702.7027027027
1506,88359.78835978836
1505,86113.9896373057
1504,85025.64102564103
1506,86113.9896373057
1501,88359.78835978836
1503,90702.7027027027
1498,88936.17021276595
1504,85025.64102564103
1503,84489.79591836735
1505,87225.13089005236
1503,88936.17021276595
1502,89518.71657754011
1507,88936.17021276595
1503,86113.9896373057
1501,84489.79591836735
1500,86113.9896373057
1499,89518.71657754011
1498,89518.71657754011
1494,87225.13089005236
1497,84489.79591836735
1491,85025.64102564103
1496,87225.13089005236
1491,90107.52688172043
1487,87225.13089005236
1491,84489.79591836735
1490,84489.79591836735
1487,86666.66666666667
1485,88359.78835978836
1486,87225.13089005236
1490,83959.39086294416
1487,83959.39086294416
1484,86113.9896373057
1482,89518.71657754011
1487,88359.78835978836
1487,87225.13089005236
1489,83959.39086294416
1485,84489.79591836735
1484,85567.01030927835
1483,88359.78835978836
1485,89518.71657754011
1486,87789.47368421052
1487,83959.39086294416
1484,83434.34343434343
1489,87225.13089005236
1487,89518.71657754011
1479,86666.66666666667
1488,83434.34343434343
1483,85567.01030927835
1482,88359.78835978836
1488,87789.47368421052
1484,85025.64102564103
1488,82914.57286432161
1480,83959.39086294416
1480,86113.9896373057
1484,89518.71657754011
1482,87789.47368421052
1478,85567.01030927835
1481,83434.34343434343
1483,83959.39086294416
1477,85567.01030927835
1484,87789.47368421052
1480,88359.78835978836
1483,86666.66666666667
1484,83959.39086294416
1484,83434.34343434343
1481,84489.79591836735
1484,87225.13089005236
1484,87789.47368421052
1484,87225.13089005236
1477,83959.39086294416
1484,82914.57286432161
1480,85567.01030927835
1484,88359.78835978836
1478,86666.66666666667
1480,83959.39086294416
1477,82914.57286432161
1477,83959.39086294416
1479,87789.47368421052
1474,87789.47368421052
1476,85025.64102564103
1481,82400.0
1480,83959.39086294416
1479,87225.13089005236
1476,87225.13089005236
1476,85567.01030927835
1482,82914.57286432161
1478,82400.0
1481,83959.39086294416
1478,85567.01030927835
1475,87789.47368421052
1476,86113.9896373057
1478,83959.39086294416
1483,81890.5472636816
1486,83959.39086294416
1481,85025.64102564103
1481,87789.47368421052
1481,86666.66666666667
1482,84489.79591836735
1479,82400.0
1486,82400.0
1480,85025.64102564103
1482,87789.47368421052
1478,85567.01030927835
1471,83434.34343434343
1481,82400.0
1483,85025.64102564103
1480,88936.17021276595
1482,85025.64102564103
1485,81890.5472636816
1483,82914.57286432161
1475,86113.9896373057
1475,82400.0
1478,82400.0
1480,83959.39086294416
1478,86666.66666666667
1474,87789.47368421052
1472,85567.01030927835
1472,83434.34343434343
1469,81386.13861386139
1477,83434.34343434343
1474,85567.01030927835
1476,86666.66666666667
1476,86666.66666666667
1467,83959.39086294416
1474,81386.13861386139
1476,83434.34343434343
1470,87225.13089005236
1471,86666.66666666667
1474,83434.34343434343
1479,81386.13861386139
1477,84489.79591836735
1476,87225.13089005236
1478,86666.66666666667
1469,83959.39086294416
1476,81890.5472636816
1472,86113.9896373057
1476,87225.13089005236
1478,85567.01030927835
1474,82914.57286432161
1480,81890.5472636816
1476,83434.34343434343
1472,86113.9896373057
1479,86666.66666666667
1475,86113.9896373057
1475,83959.39086294416
1476,81386.13861386139
1472,82400.0
1478,85025.64102564103
1478,87225.13089005236
1474,84489.79591836735
1472,81386.13861386139
1476,82400.0
1476,86113.9896373057
1478,85567.01030927835
1475,83959.39086294416
1483,81890.5472636816
1475,84489.79591836735
1481,87225.13089005236
1474,85567.01030927835
1473,82914.57286432161
1478,81890.5472636816
1475,82914.57286432161
1474,85025.64102564103
1476,86666.66666666667
1478,85567.01030927835
1477,82400.0
1477,81386.13861386139
1478,83434.34343434343
1476,86666.66666666667
1475,85567.01030927835
1475,83959.39086294416
1472,81386.13861386139
1475,82400.0
1478,85025.64102564103
1474,87225.13089005236
1473,85567.01030927835
1481,82400.0
1478,81386.13861386139
1478,81890.5472636816
1479,84489.79591836735
1477,86113.9896373057
1479,86113.9896373057
1478,83959.39086294416
1479,80886.69950738916
1476,82400.0
1482,84489.79591836735
1483,87225.13089005236
1481,85567.01030927835
1483,83434.34343434343
1478,81386.13861386139
1486,82400.0
1477,86666.66666666667
1486,86113.9896373057
1484,82914.57286432161
1483,81386.13861386139
1482,83434.34343434343
1489,86666.66666666667
1488,84489.79591836735
1489,81386.13861386139
1491,81386.13861386139
1491,83434.34343434343
1495,85567.01030927835
1494,86666.66666666667
1493,84489.79591836735
1494,81890.5472636816
1489,80886.69950738916
1489,82914.57286432161
1487,86113.9896373057
1488,86113.9896373057
1485,83959.39086294416
1487,80886.69950738916
1488,82400.0
1491,85025.64102564103
1482,86666.66666666667
1487,83434.34343434343
1491,81386.13861386139
1486,81890.5472636816
1485,83959.39086294416
1482,86113.9896373057
1491,86666.66666666667
1487,85025.64102564103
1484,81890.5472636816
1483,80886.69950738916
1491,82400.0
1476,86113.9896373057
1489,86113.9896373057
1485,84489.79591836735
1486,82400.0
1490,81386.13861386139
1484,83434.34343434343
1488,86113.9896373057
1492,85567.01030927835
1486,82400.0
1487,80886.69950738916
1479,83959.39086294416
1483,86113.9896373057
1483,85567.01030927835
1488,82400.0
1483,81386.13861386139
1491,83434.34343434343
1486,86666.66666666667
1486,86113.9896373057
1489,82914.57286432161
1485,81386.13861386139
1486,82914.57286432161
1484,87225.13089005236
1486,85567.01030927835
1473,82400.0
1478,80886.69950738916
1481,83959.39086294416
1476,87225.13089005236
1479,85567.01030927835
1476,82400.0
1480,81386.13861386139
1474,83434.34343434343
1478,86113.9896373057
1475,86113.9896373057
1479,84489.79591836735
1481,81386.13861386139
1483,81386.13861386139
1483,83434.34343434343
1484,86113.9896373057
1485,87225.13089005236
1489,85567.01030927835
1485,82400.0
1487,81890.5472636816
1492,82914.57286432161
1492,85025.64102564103
1490,86666.66666666667
1490,83959.39086294416
1495,81890.5472636816
1493,82400.0
1490,84489.79591836735
1489,87225.13089005236
1495,85567.01030927835
1489,81890.5472636816
1492,82400.0
1491,85567.01030927835
1488,87789.47368421052
1493,85567.01030927835
1490,82914.57286432161
1488,81890.5472636816
1489,84489.79591836735
1494,86113.9896373057
1490,86113.9896373057
1490,83959.39086294416
1492,81386.13861386139
1495,82400.0
1496,85025.64102564103
1494,87789.47368421052
1497,85567.01030927835
1496,82400.0
1500,81890.5472636816
1495,84489.79591836735
1492,87225.13089005236
1500,86666.66666666667
1500,84489.79591836735
1502,81890.5472636816
1499,83434.34343434343
1495,86113.9896373057
1500,87225.13089005236
1499,85025.64102564103
1499,81890.5472636816
1499,81890.5472636816
1499,84489.79591836735
1499,87225.13089005236
1501,87225.13089005236
1505,84489.79591836735
1500,81890.5472636816
1499,82400.0
1499,83959.39086294416
1502,86113.9896373057
1504,87225.13089005236
1505,85567.01030927835
1504,82914.57286432161
1504,81890.5472636816
1507,83959.39086294416
1507,85567.01030927835
1510,87225.13089005236
1508,85567.01030927835
1506,82914.57286432161
1510,82400.0
1510,82914.57286432161
1506,86666.66666666667
1504,87225.13089005236
1503,86113.9896373057
1502,82914.57286432161
1504,82400.0
1499,85025.64102564103
1499,87789.47368421052
1498,86666.66666666667
1499,83959.39086294416
1502,82400.0
1498,84489.79591836735
1499,87789.47368421052
1487,87225.13089005236
1497,85025.64102564103
1502,81890.5472636816
1499,83434.34343434343
1495,87789.47368421052
1501,87225.13089005236
1500,85567.01030927835
1502,82400.0
1500,82400.0
1499,85567.01030927835
1499,87789.47368421052
1497,87225.13089005236
1500,84489.79591836735
1496,82400.0
1496,84489.79591836735
1498,86113.9896373057
1495,88359.78835978836
1495,85567.01030927835
1498,82400.0
1497,83959.39086294416
1500,86666.66666666667
1502,88936.17021276595
1499,86666.66666666667
1496,83959.39086294416
1502,82914.57286432161
1499,85567.01030927835
1496,87225.13089005236
1500,87789.47368421052
1502,87225.13089005236
1501,85567.01030927835
1498,82400.0
1505,83434.34343434343
1502,86666.66666666667
1500,88936.17021276595
1502,86666.66666666667
1501,83959.39086294416
1498,82914.57286432161
1505,84489.79591836735
1498,87225.13089005236
1504,88936.17021276595
1507,87225.13089005236
1503,85567.01030927835
1499,82914.57286432161
1501,83959.39086294416
1503,87225.13089005236
1499,88936.17021276595
1500,86666.66666666667
1501,83959.39086294416
1508,83434.34343434343
1501,85025.64102564103
1500,88359.78835978836
1504,88359.78835978836
1501,85567.01030927835
1503,83434.34343434343
1497,85025.64102564103
1494,87789.47368421052
1495,88359.78835978836
1497,87225.13089005236
1498,84489.79591836735
1492,83959.39086294416
1497,85567.01030927835
1491,88359.78835978836
1491,88936.17021276595
1496,87225.13089005236
1491,83959.39086294416
1492,83959.39086294416
1487,85567.01030927835
1491,87789.47368421052
1492,89518.71657754011
1485,88359.78835978836
1483,84489.79591836735
1491,82914.57286432161
1486,84489.79591836735
1485,87225.13089005236
1480,88936.17021276595
1479,88359.78835978836
1489,86113.9896373057
1489,83959.39086294416
1486,84489.79591836735
1481,86666.66666666667
1482,87225.13089005236
1482,83434.34343434343
1480,85025.64102564103
1483,87789.47368421052
1477,90107.52688172043
1481,86666.66666666667
1479,84489.79591836735
1480,85567.01030927835
1477,89518.71657754011
1479,88936.17021276595
1478,86113.9896373057
1479,83959.39086294416
1481,85567.01030927835
1474,89518.71657754011
1481,88936.17021276595
1478,86666.66666666667
1482,83959.39086294416
1478,85025.64102564103
1481,87225.13089005236
1475,90107.52688172043
1479,88936.17021276595
1480,86666.66666666667
1475,84489.79591836735
1479,85025.64102564103
1479,87789.47368421052
1483,90702.7027027027
1481,88936.17021276595
1478,87225.13089005236
1480,84489.79591836735
1483,85567.01030927835
1480,88359.78835978836
1479,90107.52688172043
1484,88936.17021276595
1477,84489.79591836735
1479,85567.01030927835
1475,89518.71657754011
1477,88936.17021276595
1479,87225.13089005236
1483,85025.64102564103
1479,86666.66666666667
1480,90107.52688172043
1478,89518.71657754011
1476,86666.66666666667
1483,85025.64102564103
1475,87789.47368421052
1480,90702.7027027027
1476,88936.17021276595
1479,85567.01030927835
1475,85025.64102564103
1478,85567.01030927835
1473,88936.17021276595
1476,90107.52688172043
1472,90107.52688172043
1476,87225.13089005236
1470,84489.79591836735
1468,86113.9896373057
1472,88359.78835978836
1473,90702.7027027027
1480,88359.78835978836
1473,85567.01030927835
1470,85025.64102564103
1474,87225.13089005236
1468,90107.52688172043
1467,89518.71657754011
1467,85025.64102564103
1468,85567.01030927835
1465,88359.78835978836
1469,90702.7027027027
1470,89518.71657754011
1464,87789.47368421052
1469,85567.01030927835
1464,86113.9896373057
1467,87789.47368421052
1466,90702.7027027027
1467,90702.7027027027
1461,88359.78835978836
1471,84489.79591836735
1464,85025.64102564103
1463,87789.47368421052
1461,90702.7027027027
1465,90702.7027027027
1462,86113.9896373057
1469,85567.01030927835
1470,86666.66666666667
1462,90702.7027027027
1470,90107.52688172043
1462,86113.9896373057
1462,85567.01030927835
1461,88936.17021276595
1464,91304.34782608696
1460,89518.71657754011
1465,86666.66666666667
1465,86113.9896373057
1460,87225.13089005236
1462,91304.34782608696
1462,90702.7027027027
1463,87789.47368421052
1465,85567.01030927835
1462,86113.9896373057
1464,89518.71657754011
1459,91304.34782608696
1460,88936.17021276595
1468,85567.01030927835
1462,86113.9896373057
1463,88936.17021276595
1460,91304.34782608696
1465,89518.71657754011
1462,87789.47368421052
1463,87789.47368421052
1462,91304.34782608696
1465,91304.34782608696
1469,88936.17021276595
1468,86666.66666666667
1466,85567.01030927835
1467,87789.47368421052
1467,91304.34782608696
1465,91912.56830601093
1466,88936.17021276595
1468,86666.66666666667
1464,86666.66666666667
1463,90107.52688172043
1463,91912.56830601093
1470,89518.71657754011
1468,86113.9896373057
1469,87789.47368421052
1467,91912.56830601093
1467,90702.7027027027
1469,88359.78835978836
1466,86666.66666666667
1466,87225.13089005236
1463,90107.52688172043
1470,91912.56830601093
1464,91304.34782608696
1466,88359.78835978836
1464,85567.01030927835
1469,86113.9896373057
1466,88359.78835978836
1468,91304.34782608696
1467,91912.56830601093
1468,90107.52688172043
1471,87225.13089005236
1465,86666.66666666667
1470,87789.47368421052
1463,91304.34782608696
1468,93149.17127071823
1467,88936.17021276595
1461,86666.66666666667
1471,88359.78835978836
1467,91912.56830601093
1463,92527.47252747252
1466,88936.17021276595
1465,86113.9896373057
1463,87789.47368421052
1464,91912.56830601093
1468,91912.56830601093
1467,89518.71657754011
1461,86113.9896373057
1467,86666.66666666667
1471,88936.17021276595
1466,91912.56830601093
1467,93149.17127071823
1467,90702.7027027027
1463,87789.47368421052
1468,86666.66666666667
1463,88359.78835978836
1467,91304.34782608696
1464,93149.17127071823
1469,90702.7027027027
1464,87225.13089005236
1467,86666.66666666667
1461,90107.52688172043
1469,92527.47252747252
1467,89518.71657754011
1465,86113.9896373057
1466,89518.71657754011
1469,92527.47252747252
1467,91912.56830601093
1466,88936.17021276595
1465,86666.66666666667
1467,88359.78835978836
1467,90702.7027027027
1464,93149.17127071823
1465,92527.47252747252
1463,90702.7027027027
1467,87789.47368421052
1468,87225.13089005236
1466,88359.78835978836
1464,91304.34782608696
1466,93149.17127071823
1468,91912.56830601093
1468,88936.17021276595
1463,86666.66666666667
1468,88359.78835978836
1468,91912.56830601093
1470,93149.17127071823
1473,90702.7027027027
1473,87225.13089005236
1469,88359.78835978836
1470,91912.56830601093
1471,92527.47252747252
1468,88936.17021276595
1471,87225.13089005236
1469,92527.47252747252
1474,93149.17127071823
1469,90702.7027027027
1472,87789.47368421052
1471,87789.47368421052
1471,89518.71657754011
1469,91912.56830601093
1472,92527.47252747252
1471,91304.34782608696
1470,88936.17021276595
1473,87225.13089005236
1467,88936.17021276595
1470,91304.34782608696
1468,93149.17127071823
1472,89518.71657754011
1470,87789.47368421052
1471,89518.71657754011
1474,93149.17127071823
1478,93777.77777777778
1471,92527.47252747252
1475,89518.71657754011
1472,87789.47368421052
1476,90107.52688172043
1471,92527.47252747252
1474,93777.77777777778
1474,91304.34782608696
1474,88936.17021276595
1473,87225.13089005236
1470,89518.71657754011
1474,93777.77777777778
1474,92527.47252747252
1471,88359.78835978836
1472,87789.47368421052
1471,90702.7027027027
1473,93777.77777777778
1477,91304.34782608696
1475,87789.47368421052
1475,88936.17021276595
1480,91304.34782608696
1478,93149.17127071823
1481,92527.47252747252
1476,88936.17021276595
1481,86113.9896373057
1482,89518.71657754011
1480,92527.47252747252
1483,93777.77777777778
1489,91304.34782608696
1482,88359.78835978836
1486,87789.47368421052
1488,88936.17021276595
1488,91912.56830601093
1492,94413.40782122905
1488,91912.56830601093
1482,88936.17021276595
1491,87789.47368421052
1491,88936.17021276595
1487,93149.17127071823
1491,93149.17127071823
1487,90702.7027027027
1487,87225.13089005236
1492,88936.17021276595
1490,93149.17127071823
1491,93149.17127071823
1490,89518.71657754011
1491,87789.47368421052
1489,90702.7027027027
1492,94413.40782122905
1495,92527.47252747252
1496,88936.17021276595
1494,88359.78835978836
1488,90702.7027027027
1497,93777.77777777778
1485,93777.77777777778
1490,90107.52688172043
1490,87225.13089005236
1491,89518.71657754011
1491,93149.17127071823
1493,94413.40782122905
1494,88359.78835978836
1495,87789.47368421052
1497,90702.7027027027
1490,93777.77777777778
1494,92527.47252747252
1497,89518.71657754011
1495,88359.78835978836
1491,90107.52688172043
1493,93777.77777777778
1488,93777.77777777778
1494,91912.56830601093
1491,88936.17021276595
1492,87789.47368421052
1495,90702.7027027027
1490,93149.17127071823
1488,93149.17127071823
1492,88936.17021276595
1494,87789.47368421052
1492,93777.77777777778
1487,93149.17127071823
1490,90702.7027027027
1489,88359.78835978836
1495,88359.78835978836
1489,90702.7027027027
1493,93777.77777777778
1490,92527.47252747252
1494,90107.52688172043
1488,87789.47368421052
1493,88936.17021276595
1492,90107.52688172043
1491,93777.77777777778
1491,94413.40782122905
1490,91912.56830601093
1493,87789.47368421052
1493,89518.71657754011
1491,93149.17127071823
1491,93777.77777777778
1494,90702.7027027027
1488,87225.13089005236
1496,89518.71657754011
1489,92527.47252747252
1491,94413.40782122905
1487,91304.34782608696
1489,87789.47368421052
1490,90107.52688172043
1491,92527.47252747252
1489,93777.77777777778
1492,91912.56830601093
1491,88359.78835978836
1485,88359.78835978836
1492,90107.52688172043
1493,91912.56830601093
1494,93777.77777777778
1491,92527.47252747252
1487,90702.7027027027
1487,88359.78835978836
1492,88359.78835978836
1489,90702.7027027027
1485,93149.17127071823
1494,93149.17127071823
1488,91304.34782608696
1492,88359.78835978836
1491,87789.47368421052
1489,89518.71657754011
1489,93149.17127071823
1493,92527.47252747252
1492,87225.13089005236
1492,90702.7027027027
1492,93777.77777777778
1488,93149.17127071823
1492,89518.71657754011
1488,87225.13089005236
1490,90702.7027027027
1487,92527.47252747252
1487,93777.77777777778
1489,90702.7027027027
1483,87789.47368421052
1486,87789.47368421052
1490,88936.17021276595
1489,91912.56830601093
1489,93777.77777777778
1487,91912.56830601093
1488,88359.78835978836
1485,85567.01030927835
1491,88936.17021276595
1487,90702.7027027027
1492,93149.17127071823
1488,92527.47252747252
1493,90107.52688172043
1497,87225.13089005236
1487,87789.47368421052
1486,91304.34782608696
1490,92527.47252747252
1485,90702.7027027027
1485,87225.13089005236
1486,88359.78835978836
1488,91304.34782608696
1487,93149.17127071823
1488,90702.7027027027
1488,87225.13089005236
1489,87225.13089005236
1486,90702.7027027027
1486,92527.47252747252
1489,92527.47252747252
1491,90702.7027027027
1491,87789.47368421052
1486,86666.66666666667
1488,88936.17021276595
1487,91912.56830601093
1487,93149.17127071823
1491,90702.7027027027
1494,87789.47368421052
1487,86113.9896373057
1494,88359.78835978836
1489,90702.7027027027
1488,92527.47252747252
1484,90107.52688172043
1490,87225.13089005236
1489,86666.66666666667
1489,90702.7027027027
1490,92527.47252747252
1496,90107.52688172043
1482,86666.66666666667
1491,86666.66666666667
1490,87789.47368421052
1492,90107.52688172043
1495,92527.47252747252
1489,90702.7027027027
1493,87789.47368421052
1492,86113.9896373057
1491,87225.13089005236
1492,88936.17021276595
1490,91304.34782608696
1491,91304.34782608696
1491,88359.78835978836
1493,85567.01030927835
1493,86113.9896373057
1492,88936.17021276595
1497,91912.56830601093
1487,89518.71657754011
1487,85567.01030927835
1493,86666.66666666667
1495,90107.52688172043
1491,88936.17021276595
1491,86113.9896373057
1492,86113.9896373057
1492,87789.47368421052
1494,90702.7027027027
1492,91304.34782608696
1494,90107.52688172043
1486,87225.13089005236
1488,85025.64102564103
1493,85025.64102564103
1493,87789.47368421052
1491,91304.34782608696
1493,90702.7027027027
1494,87789.47368421052
1494,85025.64102564103
1489,85025.64102564103
1491,87225.13089005236
1487,89518.71657754011
1488,90107.52688172043
1491,85025.64102564103
1492,85025.64102564103
1492,88359.78835978836
1491,90702.7027027027
1495,87789.47368421052
1490,84489.79591836735
1492,85025.64102564103
1490,87789.47368421052
1493,90702.7027027027
1494,89518.71657754011
1491,86666.66666666667
1491,84489.79591836735
1496,85025.64102564103
1492,87225.13089005236
1488,90702.7027027027
1495,88936.17021276595
1491,87225.13089005236
1492,83959.39086294416
1497,90107.52688172043
1497,87789.47368421052
1500,85025.64102564103
1495,83959.39086294416
1491,85025.64102564103
1492,87225.13089005236
1493,88936.17021276595
1493,88936.17021276595
1493,86666.66666666667
1498,84489.79591836735
1495,87225.13089005236
1491,89518.71657754011
1497,87225.13089005236
1499,83434.34343434343
1494,83959.39086294416
1499,86666.66666666667
1495,88936.17021276595
1498,88359.78835978836
1500,85025.64102564103
1493,83434.34343434343
1498,84489.79591836735
1497,87789.47368421052
1500,89518.71657754011
1500,88359.78835978836
1498,87225.13089005236
1498,84489.79591836735
1501,83434.34343434343
1502,84489.79591836735
1496,86666.66666666667
1501,88936.17021276595
1493,87225.13089005236
1502,85567.01030927835
1492,82400.0
1496,84489.79591836735
1493,87789.47368421052
1498,88359.78835978836
1496,85567.01030927835
1493,82914.57286432161
1491,83434.34343434343
1490,86113.9896373057
1497,87225.13089005236
1499,87225.13089005236
1501,86113.9896373057
1496,82400.0
1490,83434.34343434343
1495,85567.01030927835
1494,87789.47368421052
1493,87225.13089005236
1499,84489.79591836735
1495,82400.0
1492,83434.34343434343
1493,86113.9896373057
1492,88359.78835978836
1495,86666.66666666667
1495,83959.39086294416
1492,86113.9896373057
1495,87225.13089005236
1491,86113.9896373057
1495,82400.0
1493,82400.0
1489,83959.39086294416
1489,86666.66666666667
1490,87225.13089005236
1487,86113.9896373057
1489,83959.39086294416
1484,81890.5472636816
1482,83959.39086294416
1483,87225.13089005236
1480,86666.66666666667
1484,83434.34343434343
1482,81386.13861386139
1482,84489.79591836735
1480,86666.66666666667
1481,86666.66666666667
1480,84489.79591836735
1482,81890.5472636816
1481,82400.0
1483,84489.79591836735
1483,86666.66666666667
1483,85567.01030927835
1483,82914.57286432161
1489,80886.69950738916
1487,82914.57286432161
1488,86113.9896373057
1494,86113.9896373057
1487,85025.64102564103
1488,82400.0
1489,81386.13861386139
1492,82400.0
1491,83959.39086294416
1489,86666.66666666667
1492,85567.01030927835
1488,83434.34343434343
1495,80886.69950738916
1496,81890.5472636816
1494,82914.57286432161
1491,86113.9896373057
1497,85567.01030927835
1494,83959.39086294416
1492,81386.13861386139
1492,81386.13861386139
1494,83434.34343434343
1496,86113.9896373057
1491,85567.01030927835
1497,82400.0
1488,81386.13861386139
1491,83434.34343434343
1488,85567.01030927835
1490,85025.64102564103
1491,81386.13861386139
1497,80886.69950738916
1492,82914.57286432161
1490,86113.9896373057
1494,85567.01030927835
1491,82914.57286432161
1496,80886.69950738916
1494,81386.13861386139
1496,85025.64102564103
1487,85025.64102564103
1486,83434.34343434343
1488,80392.1568627451
1489,81386.13861386139
1492,83959.39086294416
1485,86113.9896373057
1488,83959.39086294416
1493,81386.13861386139
1489,80392.1568627451
1487,81890.5472636816
1493,84489.79591836735
1495,85025.64102564103
1494,83959.39086294416
1491,80886.69950738916
1491,80392.1568627451
1487,82914.57286432161
1487,85025.64102564103
1488,84489.79591836735
1488,83434.34343434343
1488,80392.1568627451
1487,80886.69950738916
1482,83959.39086294416
1490,85567.01030927835
1483,85025.64102564103
1483,81386.13861386139
1475,79902.43902439025
1483,82400.0
1479,85025.64102564103
1466,85567.01030927835
1483,82914.57286432161
1474,80886.69950738916
1478,80886.69950738916
1482,82400.0
1480,84489.79591836735
1481,85025.64102564103
1478,81890.5472636816
1482,79902.43902439025
1479,80886.69950738916
1481,83434.34343434343
1475,85567.01030927835
1484,84489.79591836735
1486,80886.69950738916
1482,79417.47572815535
1477,82400.0
1483,84489.79591836735
1480,84489.79591836735
1482,81890.5472636816
1488,79417.47572815535
1492,80392.1568627451
1486,82914.57286432161
1482,85025.64102564103
1484,83959.39086294416
1488,81386.13861386139
1487,79417.47572815535
1485,81386.13861386139
1480,82914.57286432161
1487,85567.01030927835
1489,82914.57286432161
1490,81386.13861386139
1482,79902.43902439025
1484,80392.1568627451
1489,82400.0
1488,84489.79591836735
1491,85025.64102564103
1486,82400.0
1492,80392.1568627451
1489,79902.43902439025
1494,81890.5472636816
1491,84489.79591836735
1497,83434.34343434343
1491,80886.69950738916
1493,79902.43902439025
1487,82400.0
1488,84489.79591836735
1492,82914.57286432161
1495,80886.69950738916
1497,79902.43902439025
1492,81890.5472636816
1490,84489.79591836735
1493,83434.34343434343
1488,80392.1568627451
1492,79902.43902439025
1492,81890.5472636816
1497,84489.79591836735
1492,83959.39086294416
1488,81386.13861386139
1493,79902.43902439025
1496,81386.13861386139
1493,84489.79591836735
1491,84489.79591836735
1494,82400.0
1497,79902.43902439025
1492,79902.43902439025
1493,82400.0
1491,84489.79591836735
1492,83434.34343434343
1495,80886.69950738916
1497,79417.47572815535
1496,80886.69950738916
1496,84489.79591836735
1495,84489.79591836735
1494,81890.5472636816
1491,79902.43902439025
1493,80392.1568627451
1494,83434.34343434343
1490,85025.64102564103
1492,83434.34343434343
1487,79417.47572815535
1490,80392.1568627451
1492,82400.0
1494,84489.79591836735
1494,83434.34343434343
1491,80392.1568627451
1492,79417.47572815535
1490,80886.69950738916
1494,82914.57286432161
1493,85025.64102564103
1493,82914.57286432161
1491,80392.1568627451
1496,79417.47572815535
1494,80886.69950738916
1495,83434.34343434343
1497,85025.64102564103
1496,82914.57286432161
1504,80886.69950738916
1498,79417.47572815535
1503,79902.43902439025
1502,82400.0
1505,84489.79591836735
1505,84489.79591836735
1505,82400.0
1508,79902.43902439025
1508,79417.47572815535
1507,80392.1568627451
1510,82914.57286432161
1508,84489.79591836735
1509,83959.39086294416
1512,81386.13861386139
1508,79417.47572815535
1508,81386.13861386139
1513,84489.79591836735
1511,84489.79591836735
1509,81386.13861386139
1511,79902.43902439025
1512,80392.1568627451
1511,83959.39086294416
1513,84489.79591836735
1516,82400.0
1507,79902.43902439025
1516,79902.43902439025
1516,82400.0
1509,84489.79591836735
1516,83959.39086294416
1511,81386.13861386139
1517,79902.43902439025
1514,80886.69950738916
1512,83959.39086294416
1514,84489.79591836735
1517,82914.57286432161
1513,80392.1568627451
1516,80392.1568627451
1523,81386.13861386139
1515,83959.39086294416
1515,84489.79591836735
1512,83434.34343434343
1515,79902.43902439025
1516,79417.47572815535
1516,81386.13861386139
1511,83959.39086294416
1515,84489.79591836735
1515,82914.57286432161
1515,79902.43902439025
1518,79902.43902439025
1516,80886.69950738916
1513,83434.34343434343
1517,85025.64102564103
1520,82914.57286432161
1519,80392.1568627451
1518,80886.69950738916
1519,82914.57286432161
1523,85025.64102564103
1522,83959.39086294416
1520,79902.43902439025
1514,79902.43902439025
1521,82400.0
1520,85567.01030927835
1520,83959.39086294416
1521,80392.1568627451
1521,79417.47572815535
1524,82400.0
1520,85025.64102564103
1528,85025.64102564103
1523,81890.5472636816
1519,79902.43902439025
1520,80392.1568627451
1515,82400.0
1521,85025.64102564103
1524,85025.64102564103
1517,82400.0
1520,79902.43902439025
1519,80886.69950738916
1519,82914.57286432161
1517,85025.64102564103
1517,85025.64102564103
1525,83434.34343434343
1515,80392.1568627451
1521,80886.69950738916
1517,82400.0
1521,85025.64102564103
1520,84489.79591836735
1519,81386.13861386139
1519,80392.1568627451
1521,83434.34343434343
1517,85025.64102564103
1516,84489.79591836735
1522,80886.69950738916
1516,79902.43902439025
1517,81890.5472636816
1516,85567.01030927835
1518,85025.64102564103
1524,82914.57286432161
1513,79902.43902439025
1517,81386.13861386139
1517,83434.34343434343
1514,86113.9896373057
1513,84489.79591836735
1514,81386.13861386139
1516,80392.1568627451
1512,82914.57286432161
1515,86113.9896373057
1516,85025.64102564103
1512,82914.57286432161
1515,80392.1568627451
1513,81890.5472636816
1513,83959.39086294416
1515,86666.66666666667
1516,84489.79591836735
1507,81890.5472636816
1511,80886.69950738916
1511,81890.5472636816
1516,83959.39086294416
1517,85025.64102564103
1512,86113.9896373057
1514,83959.39086294416
1511,80886.69950738916
1512,80886.69950738916
1511,82914.57286432161
1517,84489.79591836735
1512,86113.9896373057
1517,85025.64102564103
1513,81890.5472636816
1507,80886.69950738916
1508,82400.0
1515,85567.01030927835
1509,85025.64102564103
1511,82914.57286432161
1511,80886.69950738916
1511,83959.39086294416
1512,86113.9896373057
1516,86113.9896373057
1509,83434.34343434343
1511,80886.69950738916
1516,81890.5472636816
1514,83959.39086294416
1507,86113.9896373057
1510,85025.64102564103
1515,81386.13861386139
1511,81386.13861386139
1511,83434.34343434343
1516,87225.13089005236
1509,85567.01030927835
1511,81890.5472636816
1512,80886.69950738916
1516,83434.34343434343
1514,85025.64102564103
1516,87225.13089005236
1507,86113.9896373057
1516,83959.39086294416
1509,81386.13861386139
1508,81386.13861386139
1507,82914.57286432161
1507,85025.64102564103
1511,87225.13089005236
1513,85567.01030927835
1514,81890.5472636816
1509,81386.13861386139
1510,83434.34343434343
1511,86113.9896373057
1516,86113.9896373057
1518,83959.39086294416
1507,81386.13861386139
1511,83959.39086294416
1516,86666.66666666667
1511,85025.64102564103
1512,82400.0
1516,81890.5472636816
1514,83434.34343434343
1511,86666.66666666667
1516,86666.66666666667
1513,84489.79591836735
1508,81890.5472636816
1516,81386.13861386139
1515,83434.34343434343
1509,87225.13089005236
1512,86666.66666666667
1513,85025.64102564103
1512,83959.39086294416
1508,81386.13861386139
1511,82400.0
1513,85025.64102564103
1508,87225.13089005236
1507,86113.9896373057
1513,83434.34343434343
1508,81890.5472636816
1510,82400.0
1508,85567.01030927835
1507,87225.13089005236
1512,85025.64102564103
1508,81890.5472636816
1512,83434.34343434343
1511,87225.13089005236
1513,87225.13089005236
1513,83959.39086294416
1516,81890.5472636816
1510,82400.0
1513,85567.01030927835
1513,87789.47368421052
1516,86666.66666666667
1516,81890.5472636816
1514,82400.0
1520,84489.79591836735
1515,87225.13089005236
1516,87789.47368421052
1512,85567.01030927835
1520,82914.57286432161
1520,82400.0
1514,82914.57286432161
1517,86113.9896373057
1514,87789.47368421052
1515,86113.9896373057
1518,82400.0
1516,83434.34343434343
1515,86666.66666666667
1514,87225.13089005236
1513,84489.79591836735
1519,81890.5472636816
1517,83434.34343434343
1515,86666.66666666667
1518,87789.47368421052
1514,86666.66666666667
1509,83959.39086294416
1513,82400.0
1511,82914.57286432161
1516,85025.64102564103
1515,87789.47368421052
1513,86666.66666666667
1511,85567.01030927835
1507,82914.57286432161
1512,82914.57286432161
1511,84489.79591836735
1515,86666.66666666667
1515,87789.47368421052
1510,86113.9896373057
1503,82914.57286432161
1507,83434.34343434343
1512,86113.9896373057
1505,88359.78835978836
1501,84489.79591836735
1498,82400.0
1505,84489.79591836735
1505,86666.66666666667
1505,87789.47368421052
1505,85567.01030927835
1508,83434.34343434343
1510,82400.0
1503,83434.34343434343
1499,85567.01030927835
1507,88359.78835978836
1503,87225.13089005236
1503,85567.01030927835
1506,82914.57286432161
1501,82914.57286432161
1503,84489.79591836735
1505,87789.47368421052
1505,87225.13089005236
1505,86113.9896373057
1501,82914.57286432161
1502,83959.39086294416
1499,87225.13089005236
1502,86666.66666666667
1495,84489.79591836735
1502,83434.34343434343
1499,86113.9896373057
1500,88359.78835978836
1502,87789.47368421052
1497,85025.64102564103
1499,82914.57286432161
1504,88359.78835978836
1499,87225.13089005236
1504,85025.64102564103
1498,82400.0
1499,83959.39086294416
1499,85567.01030927835
1500,88359.78835978836
1497,87789.47368421052
1495,85567.01030927835
1497,83434.34343434343
1493,82914.57286432161
1496,83959.39086294416
1493,87225.13089005236
1496,87789.47368421052
1495,86113.9896373057
1499,82400.0
1493,84489.79591836735
1496,87225.13089005236
1492,87789.47368421052
1492,85025.64102564103
1489,82400.0
1491,83959.39086294416
1489,88359.78835978836
1485,86666.66666666667
1491,84489.79591836735
1488,82400.0
1486,83434.34343434343
1484,84489.79591836735
1485,87225.13089005236
1482,87225.13089005236
1483,85025.64102564103
1482,81890.5472636816
1481,82914.57286432161
1481,85025.64102564103
1479,87225.13089005236
1479,87225.13089005236
1479,85567.01030927835
1475,81890.5472636816
1480,82400.0
1479,84489.79591836735
1481,87789.47368421052
1478,85567.01030927835
1477,82400.0
1479,82914.57286432161
1475,85025.64102564103
1483,87225.13089005236
1475,83959.39086294416
1480,82400.0
1474,82400.0
1475,84489.79591836735
1477,86666.66666666667
1483,87225.13089005236
1480,85567.01030927835
1482,82400.0
1478,80886.69950738916
1480,83434.34343434343
1481,84489.79591836735
1478,86666.66666666667
1479,85567.01030927835
1479,83434.34343434343
1480,81386.13861386139
1481,82914.57286432161
1484,86113.9896373057
1481,86113.9896373057
1488,82400.0
1480,80886.69950738916
1477,82914.57286432161
1480,85567.01030927835
1481,83434.34343434343
1482,81386.13861386139
1483,80392.1568627451
1482,82400.0
1486,85025.64102564103
1482,86113.9896373057
1489,84489.79591836735
1480,81890.5472636816
1484,79902.43902439025
1482,81386.13861386139
1481,83434.34343434343
1481,85567.01030927835
1484,84489.79591836735
1486,82914.57286432161
1478,80886.69950738916
1483,80392.1568627451
1475,82400.0
1482,85025.64102564103
1479,83959.39086294416
1477,80392.1568627451
1478,79902.43902439025
1477,82400.0
1483,85025.64102564103
1478,81890.5472636816
1477,79902.43902439025
1479,78937.19806763285
1480,80392.1568627451
1475,83434.34343434343
1475,84489.79591836735
1479,82400.0
1479,79902.43902439025
1481,79417.47572815535
1481,80392.1568627451
1472,82400.0
1479,83959.39086294416
1482,82914.57286432161
1479,80886.69950738916
1479,78461.53846153847
1476,80392.1568627451
1480,82400.0
1479,82914.57286432161
1476,80886.69950738916
1477,78461.53846153847
1474,79902.43902439025
1475,81890.5472636816
1471,83434.34343434343
1474,80886.69950738916
1472,77990.43062200958
1469,82400.0
1471,82914.57286432161
1472,80886.69950738916
1479,78461.53846153847
1478,77990.43062200958
1475,78937.19806763285
1475,81386.13861386139
1480,81386.13861386139
1482,80392.1568627451
1482,77990.43062200958
1483,76603.77358490566
1478,78937.19806763285
1478,80886.69950738916
1475,81890.5472636816
1477,78937.19806763285
1479,76603.77358490566
1477,78461.53846153847
1479,80886.69950738916
1475,80886.69950738916
1477,77061.61137440758
1475,77061.61137440758
1480,78461.53846153847
1479,80392.1568627451
1480,80886.69950738916
1481,78461.53846153847
1484,76150.23474178404
1479,77061.61137440758
1484,78461.53846153847
1483,80392.1568627451
1479,80392.1568627451
1484,79417.47572815535
1487,76150.23474178404
1486,76603.77358490566
1492,78937.19806763285
1489,79902.43902439025
1483,77990.43062200958
1488,75255.81395348837
1489,76150.23474178404
1491,77061.61137440758
1487,79417.47572815535
1487,78937.19806763285
1487,78461.53846153847
1485,75700.93457943926
1489,75700.93457943926
1487,77990.43062200958
1483,79417.47572815535
1484,77061.61137440758
1484,74814.81481481482
1476,77061.61137440758
1479,78937.19806763285
1474,77061.61137440758
1474,74377.88018433179
1474,74814.81481481482
1475,77990.43062200958
1472,77990.43062200958
1472,75700.93457943926
1471,73944.95412844037
1467,74814.81481481482
1475,77061.61137440758
1476,78461.53846153847
1472,77523.80952380953
1472,76603.77358490566
1474,73944.95412844037
1471,73944.95412844037
1470,75700.93457943926
1473,77523.80952380953
1470,77061.61137440758
1472,75700.93457943926
1468,73090.90909090909
1470,73944.95412844037
1467,74814.81481481482
1473,77061.61137440758
1463,76603.77358490566
1471,73944.95412844037
1466,73515.98173515982
1464,74814.81481481482
1468,77061.61137440758
1466,75255.81395348837
1467,72669.68325791856
1466,73090.90909090909
1473,75700.93457943926
1475,77061.61137440758
1476,75700.93457943926
1475,73090.90909090909
1478,72252.25225225225
1479,73515.98173515982
1482,74814.81481481482
1481,76603.77358490566
1483,76150.23474178404
1483,73944.95412844037
1483,72252.25225225225
1489,72252.25225225225
1489,73944.95412844037
1487,75700.93457943926
1486,76150.23474178404
1491,74814.81481481482
1494,72252.25225225225
1488,71838.56502242152
1490,73944.95412844037
1491,76150.23474178404
1490,74377.88018433179
1491,71838.56502242152
1488,71838.56502242152
1491,73944.95412844037
1489,75700.93457943926
1492,73944.95412844037
1494,71022.22222222222
1496,71838.56502242152
1496,73090.90909090909
1495,75255.81395348837
1500,74814.81481481482
1499,73090.90909090909
1502,71838.56502242152
1504,71022.22222222222
1505,71838.56502242152
1498,73944.95412844037
1500,75255.81395348837
1502,74377.88018433179
1505,73090.90909090909
1505,70619.46902654867
1506,70619.46902654867
1505,73090.90909090909
1503,74814.81481481482
1504,73090.90909090909
1501,70619.46902654867
1508,71428.57142857143
1506,73515.98173515982
1510,74377.88018433179
1503,72252.25225225225
1507,70220.26431718061
1509,74377.88018433179
1511,72669.68325791856
1513,71838.56502242152
1508,70220.26431718061
1504,70619.46902654867
1509,72252.25225225225
1505,73515.98173515982
1509,73515.98173515982
1510,72252.25225225225
1507,70220.26431718061
1507,70220.26431718061
1506,71428.57142857143
1509,73944.95412844037
1506,71838.56502242152
1511,69043.47826086957
1510,70220.26431718061
1511,72252.25225225225
1504,73090.90909090909
1509,73090.90909090909
1513,72252.25225225225
1510,69824.56140350878
1514,69824.56140350878
1511,71428.57142857143
1510,73090.90909090909
1504,72669.68325791856
1509,71428.57142857143
1510,69432.31441048035
1504,69432.31441048035
1507,71838.56502242152
1508,72669.68325791856
1504,71428.57142857143
1504,68658.00865800866
1507,69432.31441048035
1508,71022.22222222222
1508,72669.68325791856
1508,71022.22222222222
1507,69043.47826086957
1513,69432.31441048035
1504,71428.57142857143
1507,72669.68325791856
1505,71838.56502242152
1504,69824.56140350878
1505,68658.00865800866
1510,69043.47826086957
1505,70619.46902654867
1508,72252.25225225225
1504,72252.25225225225
1512,71428.57142857143
1509,69043.47826086957
1505,68658.00865800866
1505,69824.56140350878
1508,70619.46902654867
1507,72252.25225225225
1508,71838.56502242152
1507,69824.56140350878
1507,67896.9957081545
1508,69824.56140350878
1507,72252.25225225225
1506,71022.22222222222
1511,68658.00865800866
1507,69043.47826086957
1512,70220.26431718061
1513,71428.57142857143
1514,70619.46902654867
1507,69043.47826086957
1509,68275.86206896552
1508,68658.00865800866
1508,69432.31441048035
1506,71022.22222222222
1509,71428.57142857143
1512,70220.26431718061
1507,68275.86206896552
1511,67896.9957081545
1516,68658.00865800866
1507,70220.26431718061
1511,71428.57142857143
1512,70619.46902654867
1513,68658.00865800866
1516,68275.86206896552
1510,69824.56140350878
1510,71838.56502242152
1512,69824.56140350878
1507,67521.36752136752
1513,68275.86206896552
1510,70220.26431718061
1509,71428.57142857143
1515,70619.46902654867
1512,68275.86206896552
1506,67521.36752136752
1504,68275.86206896552
1510,69043.47826086957
1513,70619.46902654867
1516,71022.22222222222
1510,69824.56140350878
1509,67896.9957081545
1509,67521.36752136752
1520,68275.86206896552
1516,69824.56140350878
1513,71428.57142857143
1514,70220.26431718061
1512,68275.86206896552
1509,68275.86206896552
1512,69432.31441048035
1511,71022.22222222222
1514,69432.31441048035
1515,67896.9957081545
1513,67521.36752136752
1513,67896.9957081545
1515,69824.56140350878
1512,71022.22222222222
1514,70220.26431718061
1504,68658.00865800866
1506,67521.36752136752
1516,67521.36752136752
1508,68658.00865800866
1510,70619.46902654867
1511,69824.56140350878
1514,68658.00865800866
1514,67521.36752136752
1507,69043.47826086957
1511,70220.26431718061
1516,69824.56140350878
1507,67521.36752136752
1511,67521.36752136752
1511,69432.31441048035
1509,70619.46902654867
1508,69043.47826086957
1512,66779.66101694915
1510,67896.9957081545
1507,69043.47826086957
1513,71022.22222222222
1508,69824.56140350878
1509,67896.9957081545
1505,66779.66101694915
1509,67521.36752136752
1510,68275.86206896552
1512,70220.26431718061
1513,70220.26431718061
1508,69432.31441048035
1515,67521.36752136752
1507,67148.93617021276
1508,68275.86206896552
1508,69824.56140350878
1511,70619.46902654867
1514,69432.31441048035
1510,67521.36752136752
1509,66779.66101694915
1514,68658.00865800866
1512,70220.26431718061
1513,68658.00865800866
1512,67148.93617021276
1514,67521.36752136752
1508,70220.26431718061
1508,70220.26431718061
1511,69043.47826086957
1511,67148.93617021276
1512,66779.66101694915
1516,68658.00865800866
1512,70619.46902654867
1509,69824.56140350878
1511,69432.31441048035
1516,67521.36752136752
1511,66050.42016806723
1514,68275.86206896552
1515,69432.31441048035
1508,70220.26431718061
1506,69432.31441048035
1504,67521.36752136752
1508,66413.50210970464
1508,67148.93617021276
1508,69432.31441048035
1507,69824.56140350878
1509,67896.9957081545
1511,66779.66101694915
1512,68275.86206896552
1506,70619.46902654867
1506,68658.00865800866
1513,66779.66101694915
1503,67148.93617021276
1510,68658.00865800866
1509,70220.26431718061
1506,68658.00865800866
1504,66779.66101694915
1508,66413.50210970464
1507,67896.9957081545
1515,69043.47826086957
1509,70220.26431718061
1512,68658.00865800866
1513,67521.36752136752
1510,66413.50210970464
1510,67896.9957081545
1507,69043.47826086957
1507,69824.56140350878
1507,69043.47826086957
1508,66779.66101694915
1508,66779.66101694915
1507,69043.47826086957
1515,69432.31441048035
1510,68275.86206896552
1511,66413.50210970464
1507,67521.36752136752
1508,69043.47826086957
1511,69824.56140350878
1507,68658.00865800866
1510,66779.66101694915
1506,67148.93617021276
1507,68275.86206896552
1507,69824.56140350878
1509,69824.56140350878
1511,68275.86206896552
1506,66779.66101694915
1504,66779.66101694915
1508,68658.00865800866
1507,70220.26431718061
1507,69824.56140350878
1504,68275.86206896552
1509,67148.93617021276
1506,66413.50210970464
1511,67148.93617021276
1504,69043.47826086957
1506,69432.31441048035
1504,69824.56140350878
1508,67896.9957081545
1510,66779.66101694915
1504,66779.66101694915
1508,67896.9957081545
1504,70220.26431718061
1507,70220.26431718061
1506,67896.9957081545
1508,66413.50210970464
1506,67148.93617021276
1501,69824.56140350878
1503,70220.26431718061
1499,67896.9957081545
1498,66779.66101694915
1501,67521.36752136752
1503,70220.26431718061
1503,69824.56140350878
1501,67896.9957081545
1499,66413.50210970464
1499,67148.93617021276
1502,67896.9957081545
1499,70220.26431718061
1494,69432.31441048035
1492,68658.00865800866
1493,67148.93617021276
1494,67896.9957081545
1491,70220.26431718061
1490,70220.26431718061
1492,69043.47826086957
1487,66779.66101694915
1492,66413.50210970464
1487,67521.36752136752
1489,69432.31441048035
1488,70619.46902654867
1486,69432.31441048035
1488,67521.36752136752
1487,67148.93617021276
1484,68658.00865800866
1488,70619.46902654867
1480,69043.47826086957
1486,67148.93617021276
1483,67521.36752136752
1479,69043.47826086957
1483,70220.26431718061
1484,69824.56140350878
1484,68658.00865800866
1483,67148.93617021276
1482,67148.93617021276
1481,69043.47826086957
1477,70220.26431718061
1482,69824.56140350878
1480,68275.86206896552
1484,67148.93617021276
1483,66779.66101694915
1483,67896.9957081545
1480,69043.47826086957
1482,70619.46902654867
1484,69824.56140350878
1478,67896.9957081545
1480,66779.66101694915
1481,68275.86206896552
1476,70220.26431718061
1477,70220.26431718061
1478,68275.86206896552
1483,66779.66101694915
1481,68658.00865800866
1480,70619.46902654867
1480,69043.47826086957
1477,66779.66101694915
1479,67521.36752136752
1477,69043.47826086957
1481,70619.46902654867
1484,69824.56140350878
1483,68275.86206896552
1481,66779.66101694915
1485,67896.9957081545
1481,69824.56140350878
1482,71022.22222222222
1484,69824.56140350878
1489,69043.47826086957
1486,67148.93617021276
1488,67148.93617021276
1483,67896.9957081545
1485,70220.26431718061
1480,70619.46902654867
1479,69824.56140350878
1484,67896.9957081545
1481,67521.36752136752
1481,67896.9957081545
1482,69432.31441048035
1483,71022.22222222222
1485,70619.46902654867
1483,69043.47826086957
1483,67148.93617021276
1484,67896.9957081545
1480,69432.31441048035
1484,70220.26431718061
1487,67896.9957081545
1485,67521.36752136752
1481,69043.47826086957
1480,71022.22222222222
1489,70220.26431718061
1480,68658.00865800866
1486,67896.9957081545
1487,69043.47826086957
1486,71428.57142857143
1486,70619.46902654867
1486,69043.47826086957
1481,67521.36752136752
1481,68275.86206896552
1488,69824.56140350878
1481,71428.57142857143
1483,70619.46902654867
1485,69432.31441048035
1479,67521.36752136752
1478,67896.9957081545
1482,69824.56140350878
1484,71022.22222222222
1477,70220.26431718061
1482,67521.36752136752
1479,67896.9957081545
1481,69432.31441048035
1481,71022.22222222222
1479,71428.57142857143
1476,70220.26431718061
1480,68275.86206896552
1481,67896.9957081545
1480,71428.57142857143
1480,71428.57142857143
1478,69824.56140350878
1475,68275.86206896552
1479,69432.31441048035
1476,71428.57142857143
1476,71022.22222222222
1475,69432.31441048035
1474,67896.9957081545
1472,71838.56502242152
1471,71022.22222222222
1480,68275.86206896552
1479,67896.9957081545
1477,70220.26431718061
1476,71838.56502242152
1476,71838.56502242152
1475,70220.26431718061
1480,68658.00865800866
1471,67896.9957081545
1473,69043.47826086957
1472,71428.57142857143
1475,72252.25225225225
1467,68275.86206896552
1471,69824.56140350878
1466,71838.56502242152
1466,71838.56502242152
1467,69432.31441048035
1464,68275.86206896552
1472,69432.31441048035
1467,72669.68325791856
1465,72252.25225225225
1463,70220.26431718061
1463,68658.00865800866
1463,68658.00865800866
1470,70220.26431718061
1464,72252.25225225225
1467,72669.68325791856
1467,71428.57142857143
1464,69043.47826086957
1467,69043.47826086957
1463,69432.31441048035
1463,71428.57142857143
1465,72252.25225225225
1466,71838.56502242152
1471,70220.26431718061
1467,68658.00865800866
1460,69043.47826086957
1470,70220.26431718061
1468,72669.68325791856
1472,71428.57142857143
1467,69432.31441048035
1475,69043.47826086957
1470,71022.22222222222
1471,71838.56502242152
1473,71428.57142857143
1474,69432.31441048035
1471,69043.47826086957
1471,70220.26431718061
1476,72252.25225225225
1468,72252.25225225225
1473,70220.26431718061
1474,68658.00865800866
1472,69824.56140350878
1467,71428.57142857143
1471,73515.98173515982
1473,72252.25225225225
1479,70619.46902654867
1477,72669.68325791856
1474,73090.90909090909
1480,71428.57142857143
1483,69432.31441048035
1480,69432.31441048035
1485,71428.57142857143
1483,72669.68325791856
1482,73090.90909090909
1488,71838.56502242152
1485,69824.56140350878
1479,69432.31441048035
1483,70220.26431718061
1489,72252.25225225225
1482,73090.90909090909
1482,71428.57142857143
1485,69432.31441048035
1487,70619.46902654867
1488,72669.68325791856
1488,72669.68325791856
1490,70220.26431718061
1489,69432.31441048035
1486,71022.22222222222
1492,72669.68325791856
1490,73515.98173515982
1492,71428.57142857143
1494,69824.56140350878
1490,70220.26431718061
1492,71022.22222222222
1494,73090.90909090909
1491,73944.95412844037
1492,72669.68325791856
1489,70220.26431718061
1489,69043.47826086957
1495,69432.31441048035
1489,72669.68325791856
1490,74377.88018433179
1493,72669.68325791856
1491,70619.46902654867
1489,69432.31441048035
